{"Learning Rate": 5e-07, "Training Loss": 2.172179075511726, "Validation Loss": 2.170559890808598, "Validation Accuracy": 0.20367703538748524, "_timestamp": 1653381297, "_runtime": 230, "_step": 2, "_wandb": {"runtime": 248}}