{"Learning Rate": 0.0008, "Training Loss": 2.1166694832814708, "Validation Loss": 2.0113753330323005, "Validation Accuracy": 0.2651689708713562, "_timestamp": 1653368011, "_runtime": 71, "_step": 0, "_wandb": {"runtime": 103}}