{"Learning Rate": 0.0006599088363683577, "Training Loss": 6.853391452789307, "Validation Loss": 19.004036962985992, "Validation Accuracy": 0.0, "_timestamp": 1653311887, "_runtime": 14098, "_step": 299, "_wandb": {"runtime": 14100}}