{"Learning Rate": 0.002697826860352588, "Training Loss": 2.0727963687826856, "Validation Loss": 13.550324905633685, "Validation Accuracy": 0.10912298387096774, "_timestamp": 1653363540, "_runtime": 3512, "_step": 58, "_wandb": {"runtime": 3566}}