{"Learning Rate": 5e-06, "Training Loss": 0.00026145731868936265, "Validation Loss": 2.1575245943761643, "Validation Accuracy": 0.7683731759748151, "_timestamp": 1653403633, "_runtime": 21961, "_step": 299, "_wandb": {"runtime": 21965}}