{"Learning Rate": 0.0004895487218163908, "Training Loss": 0.16160325195036224, "Validation Loss": 0.9100824594497681, "Validation Accuracy": 0.7902745604515076, "_timestamp": 1654086213, "_runtime": 3609, "_step": 45}