{"Learning Rate": 5.188102061104015e-06, "Training Loss": 0.001615687813489023, "Validation Loss": 2.083581466828623, "Validation Accuracy": 0.756252400336727, "_timestamp": 1653380147, "_runtime": 12077, "_step": 200}