{"Learning Rate": 0.0020810675307039303, "Training Loss": 1.1924194884989914, "Validation Loss": 5.76025882844002, "Validation Accuracy": 0.10912298387096774, "_timestamp": 1653367616, "_runtime": 3833, "_step": 63, "_wandb": {"runtime": 3847}}