{"Learning Rate": 2.5306246243417263e-05, "Training Loss": 2.0583954034624874, "Validation Loss": 1.936416745185852, "Validation Accuracy": 0.31708428263664246, "_timestamp": 1653988043, "_runtime": 775, "_step": 0, "_wandb": {"runtime": 779}}