{"Learning Rate": 0.00045906720333732665, "Training Loss": 0.14375370622587366, "Validation Loss": 0.9471215009689331, "Validation Accuracy": 0.7914986610412598, "_timestamp": 1654138030, "_runtime": 5065, "_step": 71, "_wandb": {"runtime": 5067}}